Source,Target,Weight
N1578,N933,1
N1578,N1579,1
N1012,N9,1
N938,N30,1
N938,N74,1
N938,N78,1
N938,N53,1
N1176,N1180,1
N1176,N1179,1
N1176,N1178,1
N1176,N1177,1
N1119,N933,1
N1119,N316,1
N681,N3,5
N619,N113,1
N1538,N1515,2
N1642,N1643,1
N1551,N3,1
N846,N3,1
N1250,N99,1
N1250,N5,1
N967,N379,1
N967,N127,1
N967,N969,1
N967,N113,1
N967,N120,1
N967,N968,1
N1526,N1527,1
N1798,N99,1
N1798,N5,1
N239,N241,1
N239,N240,1
N1197,N1203,1
N1197,N1202,1
N1197,N1201,1
N1197,N1198,1
N1197,N1200,1
N946,N3,1
N1322,N1323,1
N374,N375,1
N374,N92,1
N830,N3,1
N479,N480,1
N24,N1498,1
N24,N1507,1
N24,N1448,1
N24,N1499,1
N24,N25,1
N447,N443,3
N148,N221,1
N1252,N9,1
N1252,N204,1
N1252,N1254,1
N1252,N1253,1
N275,N5,2
N1047,N1048,1
N1845,N172,1
N1231,N145,1
N1231,N1232,1
N725,N3,1
N1630,N1631,1
N1095,N1096,1
N1058,N1057,10
N1058,N375,1
N1058,N1059,10
N1836,N228,1
N1836,N29,1
N1836,N121,1
N1635,N837,1
N159,N172,1
N159,N74,2
N1019,N1020,1
N1222,N670,1
N1222,N671,1
N1222,N1223,1
N1222,N5,1
N788,N789,1
N788,N791,1
N788,N792,1
N788,N790,1
N788,N793,1
N415,N3,1
N1754,N1750,2
N1754,N1752,3
N1754,N1751,3
N1754,N1753,3
N1392,N3,1
N350,N351,1
N519,N30,1
N1359,N99,1
N1359,N5,3
N1692,N1694,3
N1692,N982,2
N1692,N1693,3
N1646,N9,1
N1646,N30,1
N164,N167,2
N164,N166,1
N164,N1286,1
N164,N165,2
N405,N406,1
N405,N380,1
N405,N379,1
N405,N407,1
N405,N9,1
N405,N122,1
N950,N8,1
N971,N972,1
N971,N145,1
N971,N973,1
N971,N144,1
N1137,N29,1
N1137,N1036,1
N1137,N1139,1
N1137,N32,1
N1137,N1138,1
N1137,N121,1
N1854,N1855,1
N1854,N55,1
N1330,N216,1
N1009,N145,1
N1009,N144,1
N1295,N954,1
N1814,N172,1
N99,N5,11
N1851,N172,1
N1445,N1283,1
N947,N126,1
N947,N30,1
N947,N902,1
N947,N113,1
N947,N74,1
N28,N30,1
N28,N29,1
N28,N31,1
N28,N33,1
N28,N32,1
N1057,N1058,1
N1057,N1787,1
N1057,N1059,1
N1057,N1641,1
N1774,N1775,1
N1750,N1753,2
N1442,N1283,1
N531,N5,2
N1496,N1497,1
N980,N981,1
N1192,N1193,1
N276,N188,1
N276,N247,1
N276,N187,1
N276,N248,1
N276,N277,1
N309,N311,1
N309,N310,1
N309,N1414,2
N1463,N389,1
N392,N393,1
N368,N370,1
N368,N369,1
N104,N103,1
N104,N102,1
N873,N874,1
N45,N49,1
N45,N50,1
N45,N51,1
N45,N47,1
N45,N46,1
N45,N48,1
N45,N52,1
N45,N54,1
N45,N56,1
N45,N53,1
N45,N55,1
N1585,N9,1
N1585,N30,1
N1585,N29,1
N1585,N74,1
N394,N395,1
N6,N3,2
N117,N5,2
N1424,N1334,1
N658,N316,1
N1628,N933,1
N1628,N30,1
N1628,N181,1
N1632,N3,1
N849,N850,1
N188,N185,1
N188,N187,7
N188,N186,2
N188,N248,3
N1599,N850,1
N1431,N1432,1
N714,N3,2
N1847,N379,1
N1847,N407,1
N1847,N1719,1
N1847,N1718,1
N376,N3,1
N913,N914,1
N1313,N1058,1
N1313,N1057,1
N1313,N1059,1
N894,N30,1
N894,N896,1
N894,N895,1
N894,N316,1
N894,N74,1
N894,N897,1
N894,N899,1
N894,N900,1
N894,N898,1
N246,N188,1
N246,N247,1
N246,N187,1
N246,N248,1
N1185,N3,1
N27,N3,3
N1768,N1754,1
N1768,N1752,1
N1768,N1751,1
N1768,N1769,1
N1768,N1753,1
N1391,N472,1
N1046,N995,1
N1194,N145,1
N1194,N144,1
N485,N3,1
N578,N579,1
N773,N3,1
N1041,N1042,1
N1041,N145,1
N1041,N144,1
N606,N292,1
N1589,N1590,1
N1248,N1227,1
N413,N414,1
N1352,N5,2
N1180,N1179,1
N1695,N221,1
N1695,N571,1
N1363,N1364,1
N1547,N1548,1
N925,N926,1
N1809,N1810,1
N247,N188,4
N247,N187,4
N247,N248,4
N247,N277,1
N1390,N1391,1
N1390,N472,1
N1390,N84,1
N819,N190,1
N810,N190,1
N162,N71,2
N162,N72,2
N162,N70,2
N184,N188,1
N184,N185,1
N184,N187,1
N184,N186,1
N856,N857,1
N959,N64,2
N959,N908,2
N884,N3,1
N1108,N1009,1
N1108,N145,1
N1108,N144,1
N1108,N1008,1
N129,N127,1
N129,N30,1
N129,N113,1
N129,N29,1
N129,N74,1
N129,N128,1
N129,N130,1
N129,N75,1
N129,N131,1
N1151,N1152,1
N253,N5,2
N1735,N1058,1
N1735,N1057,1
N1735,N1059,1
N1447,N933,1
N1447,N30,1
N1447,N1449,1
N1447,N837,1
N999,N145,1
N999,N144,1
N893,N3,1
N1361,N30,1
N1361,N1601,2
N1361,N75,1
N1381,N5,1
N1710,N1711,1
N911,N3,1
N1420,N933,1
N1420,N1416,1
N1420,N181,1
N1320,N1293,1
N785,N786,2
N785,N939,1
N172,N1209,1
N172,N1207,1
N1848,N1849,1
N1404,N1361,1
N1404,N30,1
N1404,N75,1
N870,N871,1
N206,N127,1
N206,N30,1
N206,N113,1
N206,N29,1
N206,N74,1
N206,N128,1
N206,N130,1
N206,N75,1
N206,N131,1
N1519,N221,1
N803,N802,2
N924,N84,1
N171,N172,1
N171,N9,1
N1618,N1620,2
N1618,N191,1
N1618,N1619,2
N388,N389,1
N1301,N9,1
N1301,N1302,1
N905,N490,1
N905,N228,1
N905,N30,1
N905,N492,1
N905,N689,1
N905,N489,1
N905,N491,1
N251,N3,1
N1354,N1351,1
N504,N436,1
N38,N39,1
N38,N43,1
N38,N41,1
N38,N44,1
N38,N40,1
N38,N42,1
N1300,N181,1
N220,N221,2
N220,N71,2
N220,N72,2
N220,N70,2
N1173,N84,1
N1602,N1058,1
N1602,N1057,1
N1602,N1059,1
N1726,N436,1
N691,N3,3
N430,N3,1
N860,N3,1
N1217,N1219,1
N1217,N145,1
N1217,N1218,1
N1217,N144,1
N1509,N30,1
N1509,N113,1
N1509,N572,1
N1509,N74,1
N1509,N882,1
N1749,N1754,1
N1749,N1750,1
N1749,N1752,1
N1749,N1751,1
N1749,N1753,1
N861,N3,1
N611,N1299,1
N611,N316,1
N834,N835,1
N69,N71,2
N69,N280,1
N69,N72,2
N69,N70,1
N1826,N93,1
N1826,N1827,1
N1024,N64,2
N1024,N908,2
N1203,N1200,1
N1658,N5,1
N1706,N1497,1
N1109,N1110,1
N1292,N1293,1
N34,N3,1
N1032,N29,1
N269,N30,1
N1280,N933,1
N1280,N74,1
N325,N327,1
N325,N328,1
N325,N326,1
N325,N329,1
N1256,N64,2
N1598,N1597,1
N155,N157,1
N155,N154,1
N155,N152,1
N155,N151,1
N155,N153,1
N156,N155,1
N156,N157,1
N156,N154,1
N156,N152,1
N156,N151,1
N156,N153,1
N158,N155,1
N158,N156,1
N158,N157,1
N158,N154,1
N158,N152,1
N158,N151,1
N158,N153,1
N157,N154,1
N157,N151,1
N154,N151,1
N152,N157,1
N152,N154,1
N152,N151,1
N152,N153,1
N153,N157,1
N153,N154,1
N153,N151,1
N150,N155,1
N150,N156,1
N150,N158,1
N150,N157,1
N150,N154,1
N150,N152,1
N150,N151,1
N150,N153,1
N907,N64,2
N907,N908,2
N1043,N3,2
N1348,N3,2
N302,N303,2
N266,N69,2
N266,N221,2
N266,N71,2
N266,N72,2
N266,N70,2
N771,N190,1
N234,N228,1
N234,N237,1
N234,N231,1
N234,N232,1
N234,N229,1
N234,N230,1
N234,N236,1
N234,N238,1
N234,N235,1
N234,N233,1
N682,N292,2
N1002,N1003,1
N1113,N172,1
N1118,N172,1
N1123,N972,1
N1123,N145,1
N1123,N973,1
N1123,N1124,1
N1123,N144,1
N822,N823,1
N418,N3,1
N948,N949,1
N948,N1614,1
N1633,N137,1
N416,N417,1
N847,N3,1
N1135,N621,2
N1142,N8,1
N1367,N75,1
N840,N841,1
N722,N30,2
N490,N492,7
N490,N489,5
N490,N491,7
N1537,N228,1
N1537,N29,1
N1537,N1535,1
N1537,N1536,1
N1537,N486,1
N736,N228,6
N736,N572,6
N736,N738,6
N736,N375,6
N736,N729,6
N736,N732,6
N736,N734,6
N736,N731,6
N736,N739,6
N736,N737,6
N439,N447,3
N439,N208,3
N439,N30,4
N439,N29,4
N439,N190,1
N439,N448,3
N439,N440,3
N439,N446,3
N439,N449,3
N439,N445,3
N439,N441,3
N439,N442,3
N439,N443,3
N439,N75,1
N439,N644,1
N439,N121,1
N439,N451,3
N439,N450,3
N439,N444,3
N1846,N172,1
N1072,N1068,1
N1072,N1067,1
N228,N490,7
N228,N127,1
N228,N435,1
N228,N572,6
N228,N229,1
N228,N230,1
N228,N729,6
N228,N1536,1
N228,N486,2
N228,N731,6
N228,N492,7
N228,N236,1
N228,N739,6
N228,N877,1
N228,N577,1
N228,N75,1
N228,N576,4
N228,N121,2
N228,N489,5
N228,N491,7
N228,N1808,1
N228,N238,1
N228,N235,1
N228,N233,1
N406,N407,1
N380,N406,1
N380,N1159,1
N380,N379,2
N380,N407,1
N380,N9,1
N380,N1797,1
N380,N74,1
N380,N122,2
N1159,N1160,1
N1159,N9,1
N1159,N1797,1
N379,N406,1
N379,N407,2
N379,N127,1
N379,N1719,1
N379,N969,1
N379,N113,1
N379,N1717,1
N379,N122,1
N379,N968,1
N407,N379,2
N407,N1717,1
N127,N9,1
N127,N969,1
N127,N113,1
N127,N75,27
N127,N1288,1
N126,N1197,1
N126,N1203,1
N126,N127,2
N126,N1202,1
N126,N30,4
N126,N902,1
N126,N113,2
N126,N120,1
N126,N29,1
N126,N561,1
N126,N280,1
N126,N563,1
N126,N564,1
N126,N124,1
N126,N128,1
N126,N1201,1
N126,N837,1
N126,N122,1
N126,N1198,1
N126,N562,1
N126,N75,1
N126,N56,2
N126,N560,1
N126,N121,1
N126,N1200,1
N930,N127,1
N930,N29,1
N820,N821,1
N500,N126,1
N221,N228,2
N221,N127,2
N221,N435,2
N221,N30,1
N221,N572,1
N221,N91,1
N221,N486,1
N221,N122,2
N221,N877,1
N221,N75,1
N221,N121,3
N221,N571,1
N221,N1808,1
N776,N228,1
N499,N126,1
N499,N500,1
N499,N30,1
N904,N3,1
N87,N88,1
N87,N86,1
N123,N127,1
N123,N126,1
N123,N30,1
N123,N120,1
N123,N29,1
N123,N125,1
N123,N74,1
N123,N124,1
N123,N128,1
N123,N122,1
N123,N56,1
N123,N121,1
N795,N292,1
N1094,N5,1
N543,N544,1
N543,N545,1
N598,N401,1
N618,N619,1
N618,N113,1
N618,N74,1
N995,N996,2
N717,N3,2
N1174,N64,1
N208,N447,3
N208,N736,6
N208,N228,6
N208,N730,6
N208,N733,6
N208,N572,6
N208,N738,6
N208,N375,6
N208,N729,6
N208,N732,6
N208,N734,6
N208,N91,2
N208,N728,6
N208,N735,6
N208,N731,6
N208,N739,6
N208,N443,3
N208,N115,6
N208,N5,1
N208,N737,6
N1324,N1325,1
N94,N361,1
N94,N91,2
N94,N95,2
N94,N92,2
N94,N93,1
N94,N75,1
N1163,N145,1
N1163,N144,1
N670,N671,2
N670,N669,2
N670,N1223,1
N670,N5,1
N989,N64,2
N1434,N559,1
N527,N3,1
N1807,N228,1
N1807,N221,1
N1807,N30,1
N1807,N1449,1
N1807,N877,1
N1807,N121,1
N1807,N1808,1
N575,N292,1
N1125,N1126,1
N96,N97,1
N665,N190,1
N1066,N1072,1
N1066,N1070,1
N1066,N1068,1
N1066,N1071,1
N1066,N1067,1
N1066,N1069,1
N1755,N1453,1
N1398,N9,1
N1398,N1399,1
N1689,N1690,1
N601,N74,1
N17,N20,1
N17,N19,1
N1186,N972,1
N1186,N145,1
N1186,N973,1
N1186,N144,1
N1636,N172,1
N1720,N1497,1
N525,N424,1
N524,N424,1
N535,N64,1
N1044,N1045,1
N1202,N1203,1
N1202,N1201,1
N1202,N1198,1
N1202,N1200,1
N1183,N3,2
N1719,N379,2
N1719,N407,3
N1719,N1717,1
N435,N127,2
N435,N486,1
N435,N75,1
N435,N121,2
N933,N1214,1
N933,N932,1
N933,N128,1
N933,N75,1
N9,N1197,1
N9,N1203,1
N9,N406,1
N9,N380,2
N9,N379,1
N9,N407,1
N9,N890,1
N9,N126,1
N9,N1202,1
N9,N335,1
N9,N29,2
N9,N1302,1
N9,N316,1
N9,N1677,1
N9,N1676,1
N9,N1201,1
N9,N122,1
N9,N204,1
N9,N1199,1
N9,N1198,1
N9,N75,1
N9,N1200,1
N9,N1254,2
N9,N1253,2
N30,N447,3
N30,N1635,1
N30,N1361,3
N30,N490,7
N30,N439,1
N30,N228,15
N30,N380,1
N30,N1159,1
N30,N127,33
N30,N126,2
N30,N930,1
N30,N500,1
N30,N208,3
N30,N933,4
N30,N9,12
N30,N902,2
N30,N113,19
N30,N114,1
N30,N1345,1
N30,N1601,2
N30,N29,35
N30,N190,1
N30,N561,1
N30,N440,3
N30,N1796,1
N30,N1797,1
N30,N446,3
N30,N572,2
N30,N896,1
N30,N563,1
N30,N564,1
N30,N316,2
N30,N1411,1
N30,N1410,1
N30,N1677,1
N30,N1676,1
N30,N1679,1
N30,N124,1
N30,N833,12
N30,N932,1
N30,N128,11
N30,N897,1
N30,N449,3
N30,N8,2
N30,N181,1
N30,N33,1
N30,N32,1
N30,N837,3
N30,N122,2
N30,N78,1
N30,N52,1
N30,N442,3
N30,N492,7
N30,N877,1
N30,N443,3
N30,N562,1
N30,N577,1
N30,N75,32
N30,N576,4
N30,N346,1
N30,N56,2
N30,N644,1
N30,N1288,1
N30,N888,1
N30,N53,1
N30,N560,1
N30,N121,4
N30,N451,3
N30,N882,3
N30,N489,5
N30,N131,23
N30,N491,7
N30,N1808,1
N30,N450,3
N30,N444,3
N30,N900,1
N30,N898,1
N1038,N1036,1
N1038,N1040,1
N1038,N1039,1
N1038,N1037,1
N902,N75,1
N113,N127,12
N113,N930,1
N113,N9,2
N113,N969,1
N113,N902,1
N113,N114,1
N113,N561,1
N113,N128,10
N113,N968,1
N113,N562,1
N113,N75,11
N68,N69,1
N68,N71,1
N68,N72,1
N68,N70,1
N784,N785,1
N784,N786,1
N1562,N1563,1
N963,N961,1
N963,N962,1
N557,N30,1
N646,N30,1
N1207,N1209,1
N801,N803,2
N801,N802,2
N1413,N309,1
N1413,N1414,1
N1155,N145,1
N1155,N144,1
N421,N3,1
N147,N148,1
N1111,N1112,1
N1127,N214,1
N1127,N91,1
N1127,N1128,1
N958,N172,1
N1510,N30,1
N1510,N113,1
N1215,N64,1
N1297,N64,1
N1576,N472,1
N362,N3,1
N609,N127,1
N609,N126,1
N609,N30,1
N609,N74,1
N609,N75,1
N702,N711,2
N702,N707,2
N1284,N172,1
N185,N188,1
N185,N187,1
N185,N186,2
N103,N104,1
N103,N102,1
N730,N736,6
N730,N228,6
N730,N572,6
N730,N738,6
N730,N375,6
N730,N729,6
N730,N732,6
N730,N734,6
N730,N1247,1
N730,N735,6
N730,N731,6
N730,N739,6
N730,N737,6
N1476,N1477,1
N1666,N84,1
N1426,N559,1
N1426,N1427,1
N237,N228,1
N237,N232,1
N237,N229,1
N237,N230,1
N237,N236,1
N237,N238,1
N237,N235,1
N237,N233,1
N361,N30,1
N361,N91,1
N361,N95,1
N361,N75,1
N632,N3,4
N1793,N1794,1
N1147,N9,1
N1147,N30,1
N1147,N113,1
N1147,N29,1
N1147,N910,1
N966,N64,2
N966,N908,2
N35,N36,1
N35,N37,1
N962,N961,1
N774,N216,1
N1449,N228,1
N1449,N221,1
N1449,N933,1
N1449,N30,2
N1449,N837,1
N1449,N877,1
N1449,N121,1
N1449,N1808,1
N120,N379,1
N120,N127,2
N120,N30,2
N120,N969,1
N120,N113,1
N120,N29,2
N120,N124,1
N120,N122,1
N120,N968,1
N120,N56,1
N120,N121,2
N231,N228,1
N231,N237,1
N231,N232,1
N231,N229,1
N231,N230,1
N231,N236,1
N231,N238,1
N231,N235,1
N231,N233,1
N672,N3,1
N1443,N1444,1
N848,N99,1
N848,N5,1
N1070,N1072,1
N1070,N1068,1
N1070,N1067,1
N1070,N1069,1
N1601,N1361,1
N1655,N316,1
N1655,N375,1
N1655,N472,1
N1655,N451,1
N1655,N1656,1
N1725,N730,1
N1725,N1247,1
N687,N292,1
N683,N292,2
N1555,N172,1
N1569,N172,1
N29,N447,3
N29,N736,6
N29,N228,15
N29,N127,26
N29,N208,9
N29,N9,2
N29,N113,13
N29,N730,6
N29,N190,1
N29,N733,6
N29,N440,3
N29,N572,6
N29,N738,6
N29,N316,6
N29,N375,6
N29,N124,1
N29,N833,15
N29,N128,11
N29,N1139,2
N29,N729,6
N29,N732,6
N29,N1536,1
N29,N449,3
N29,N734,6
N29,N876,1
N29,N91,4
N29,N486,1
N29,N33,1
N29,N122,1
N29,N728,6
N29,N442,3
N29,N735,6
N29,N731,6
N29,N739,6
N29,N877,1
N29,N443,3
N29,N577,1
N29,N75,25
N29,N576,1
N29,N346,1
N29,N56,4
N29,N1138,1
N29,N121,12
N29,N115,6
N29,N450,3
N29,N5,1
N29,N737,6
N29,N444,3
N29,N878,1
N31,N30,1
N31,N29,1
N31,N33,1
N1079,N5,2
N838,N56,1
N1433,N5,2
N110,N111,1
N498,N126,1
N498,N500,1
N498,N499,1
N498,N30,1
N812,N292,1
N510,N292,1
N972,N145,7
N972,N973,6
N972,N144,7
N805,N30,1
N805,N3,6
N805,N52,1
N108,N30,1
N396,N397,1
N1278,N30,1
N1278,N120,1
N1278,N29,1
N1278,N74,1
N1278,N32,1
N1278,N121,1
N190,N121,1
N232,N228,1
N232,N229,1
N232,N230,1
N232,N236,1
N232,N238,1
N232,N235,1
N232,N233,1
N1310,N64,2
N506,N514,1
N506,N508,1
N506,N507,1
N4,N5,1
N1379,N1380,1
N71,N69,6
N71,N72,6
N71,N70,6
N455,N113,1
N455,N29,1
N455,N32,1
N79,N876,1
N79,N8,1
N79,N80,1
N79,N1511,1
N79,N1481,2
N79,N1441,1
N794,N3,1
N1053,N30,1
N1053,N74,1
N340,N341,1
N1772,N9,1
N1772,N29,1
N1772,N74,1
N1772,N1773,1
N1772,N837,1
N448,N447,3
N448,N208,3
N448,N30,3
N448,N29,3
N448,N440,3
N448,N446,3
N448,N449,3
N448,N441,3
N448,N442,3
N448,N443,3
N448,N451,3
N448,N450,3
N448,N444,3
N733,N736,6
N733,N228,6
N733,N730,6
N733,N572,6
N733,N738,6
N733,N375,6
N733,N729,6
N733,N732,6
N733,N734,6
N733,N735,6
N733,N731,6
N733,N739,6
N733,N737,6
N808,N216,1
N1172,N30,1
N1172,N181,1
N135,N3,2
N440,N447,3
N440,N208,3
N440,N442,3
N440,N443,3
N440,N450,3
N1806,N392,2
N1834,N3,1
N222,N3,1
N1267,N9,1
N1267,N30,1
N1267,N8,1
N1416,N933,3
N1416,N181,3
N324,N323,1
N180,N181,1
N303,N302,4
N86,N88,1
N1796,N380,1
N1796,N1159,1
N1796,N9,1
N1796,N1797,1
N1796,N122,1
N1797,N9,1
N280,N71,1
N280,N72,1
N280,N56,1
N72,N69,6
N72,N71,6
N697,N698,2
N493,N292,1
N426,N429,1
N426,N428,1
N426,N427,1
N1382,N64,1
N1260,N1261,2
N446,N447,3
N446,N208,3
N446,N29,3
N446,N440,3
N446,N449,3
N446,N442,3
N446,N443,3
N446,N451,3
N446,N450,3
N446,N444,3
N210,N145,1
N210,N144,1
N143,N145,1
N143,N144,1
N1106,N1107,1
N572,N1635,1
N572,N113,1
N572,N837,1
N572,N731,6
N572,N739,6
N133,N134,1
N1767,N172,1
N645,N259,1
N645,N642,1
N402,N404,1
N402,N403,1
N710,N702,2
N710,N712,2
N710,N709,2
N710,N711,2
N710,N707,2
N710,N713,2
N563,N113,1
N563,N561,1
N563,N562,1
N712,N702,2
N712,N711,2
N712,N707,2
N712,N713,2
N564,N113,1
N564,N561,1
N564,N563,1
N564,N562,1
N564,N560,1
N12,N3,1
N895,N30,1
N895,N896,1
N895,N316,1
N895,N897,1
N895,N900,1
N895,N898,1
N629,N221,2
N347,N348,1
N347,N349,1
N347,N121,1
N680,N8,2
N1485,N64,1
N1856,N3,1
N738,N228,6
N738,N572,6
N738,N375,6
N738,N729,6
N738,N732,6
N738,N734,6
N738,N731,6
N738,N739,6
N738,N737,6
N586,N191,1
N586,N587,1
N1467,N3,1
N612,N30,1
N1017,N172,2
N1764,N1497,1
N676,N577,2
N1370,N1371,1
N1384,N3,1
N1362,N383,1
N1064,N1065,1
N107,N3,1
N1056,N1058,1
N1056,N1057,1
N1056,N1059,1
N1717,N379,1
N1717,N407,1
N1717,N1719,1
N1717,N1718,1
N526,N3,1
N1469,N3,1
N1114,N576,1
N1344,N803,1
N1344,N30,1
N1344,N1345,1
N1344,N75,1
N1344,N121,1
N1078,N3,1
N177,N178,1
N1811,N1813,1
N1811,N1812,1
N1063,N126,1
N806,N8,1
N365,N5,1
N704,N702,2
N704,N710,2
N704,N712,2
N704,N709,2
N704,N711,2
N704,N703,2
N704,N707,2
N704,N713,2
N1214,N128,1
N316,N736,6
N316,N228,8
N316,N208,6
N316,N730,6
N316,N29,2
N316,N733,6
N316,N572,6
N316,N896,1
N316,N738,6
N316,N375,6
N316,N897,1
N316,N729,6
N316,N732,6
N316,N472,1
N316,N734,6
N316,N91,4
N316,N1307,1
N316,N728,6
N316,N735,6
N316,N731,6
N316,N739,6
N316,N121,6
N316,N115,6
N316,N5,1
N316,N737,6
N316,N900,1
N316,N898,1
N316,N1656,1
N570,N64,2
N588,N64,1
N1471,N172,1
N422,N3,1
N1148,N1149,1
N1440,N79,1
N1440,N1441,1
N1277,N64,1
N1425,N559,1
N705,N702,2
N705,N710,2
N705,N712,2
N705,N704,2
N705,N709,2
N705,N711,2
N705,N703,2
N705,N707,2
N705,N713,2
N709,N702,2
N709,N712,2
N709,N711,2
N709,N707,2
N709,N713,2
N1671,N3,1
N1409,N127,1
N1409,N9,1
N1409,N30,1
N1409,N113,1
N1409,N29,1
N1409,N1411,1
N1409,N1410,1
N1372,N172,1
N1336,N172,1
N464,N465,1
N1049,N1050,1
N118,N3,5
N364,N292,1
N331,N332,1
N501,N3,1
N163,N164,1
N163,N167,1
N163,N166,1
N163,N165,1
N1700,N74,1
N272,N273,1
N272,N84,1
N1018,N172,1
N1415,N5,2
N1776,N9,1
N1776,N30,1
N1776,N113,1
N1776,N181,1
N1776,N75,1
N944,N975,1
N944,N945,1
N1799,N1800,1
N536,N292,1
N1687,N1688,1
N520,N424,1
N965,N64,2
N965,N908,2
N1778,N1779,1
N1778,N91,1
N1778,N181,1
N1778,N131,1
N915,N271,1
N622,N624,1
N622,N778,1
N622,N880,1
N622,N623,1
N622,N879,1
N495,N3,1
N583,N545,1
N348,N349,1
N1520,N3,1
N781,N292,1
N1036,N29,2
N1036,N1139,2
N1036,N1040,1
N1036,N1039,1
N1036,N1037,1
N1036,N1138,1
N1036,N121,2
N782,N783,1
N1334,N1475,1
N1334,N1474,1
N243,N244,1
N909,N335,1
N909,N9,1
N909,N30,1
N909,N74,1
N909,N910,1
N1411,N127,1
N1411,N9,1
N1411,N113,1
N1411,N29,1
N1410,N127,1
N1410,N9,1
N1410,N113,1
N1410,N29,1
N1410,N1411,1
N991,N228,4
N304,N302,6
N304,N303,6
N304,N115,2
N26,N3,3
N863,N3,2
N528,N3,1
N866,N738,1
N515,N3,1
N375,N1057,1
N375,N228,6
N375,N572,6
N375,N316,1
N375,N729,6
N375,N732,6
N375,N472,1
N375,N734,6
N375,N731,6
N375,N739,6
N375,N451,1
N375,N1059,1
N375,N737,6
N375,N1656,1
N1505,N1058,1
N1505,N1057,1
N1505,N1059,1
N1115,N145,1
N1115,N144,1
N1115,N1116,1
N1672,N3,1
N1766,N221,1
N173,N69,1
N173,N71,1
N173,N72,1
N173,N70,1
N1358,N730,1
N1358,N1247,1
N919,N3,1
N76,N78,1
N76,N77,1
N1428,N1430,1
N1428,N1334,1
N1428,N191,1
N1428,N1429,1
N1428,N1283,1
N1276,N172,1
N1566,N3,1
N1708,N56,1
N1550,N172,1
N1584,N172,2
N1705,N15,3
N1558,N1058,1
N1558,N1057,1
N1558,N375,1
N1558,N1059,1
N282,N3,1
N559,N126,1
N559,N30,1
N559,N113,1
N559,N561,1
N559,N563,1
N559,N564,1
N559,N562,1
N559,N560,1
N1243,N172,1
N594,N595,1
N827,N29,1
N827,N121,1
N597,N99,1
N597,N5,1
N1486,N1692,1
N1486,N1694,1
N1486,N1473,1
N1486,N982,1
N1486,N1693,1
N814,N8,1
N1594,N137,1
N1462,N172,1
N1206,N172,1
N1206,N1209,1
N1206,N1207,1
N1206,N1208,1
N1208,N172,1
N1208,N1209,1
N1208,N1207,1
N584,N316,1
N584,N317,1
N319,N30,1
N1365,N1366,1
N1030,N191,1
N1030,N1031,1
N1677,N1676,1
N1298,N64,2
N566,N292,1
N229,N230,1
N229,N233,1
N125,N127,1
N125,N126,1
N125,N30,1
N125,N120,1
N125,N29,1
N125,N124,1
N125,N128,1
N125,N122,1
N125,N56,1
N125,N121,1
N1679,N902,1
N1679,N75,1
N74,N619,1
N74,N172,1
N74,N69,1
N74,N439,1
N74,N228,12
N74,N379,1
N74,N127,28
N74,N126,6
N74,N930,2
N74,N933,3
N74,N9,5
N74,N30,55
N74,N902,2
N74,N113,17
N74,N114,1
N74,N120,2
N74,N29,34
N74,N561,1
N74,N71,1
N74,N280,2
N74,N72,1
N74,N572,1
N74,N896,1
N74,N563,1
N74,N564,1
N74,N895,1
N74,N1214,1
N74,N316,1
N74,N991,4
N74,N559,1
N74,N125,1
N74,N1679,1
N74,N124,1
N74,N833,15
N74,N932,1
N74,N128,15
N74,N897,1
N74,N8,9
N74,N1773,1
N74,N32,5
N74,N837,3
N74,N122,1
N74,N78,1
N74,N92,1
N74,N562,1
N74,N577,1
N74,N75,31
N74,N576,5
N74,N1121,1
N74,N346,1
N74,N56,8
N74,N1680,1
N74,N644,1
N74,N53,1
N74,N560,1
N74,N121,2
N74,N216,1
N74,N882,1
N74,N1122,1
N74,N131,25
N74,N115,1
N74,N70,1
N74,N5,1
N74,N1221,1
N74,N899,1
N74,N900,1
N74,N898,1
N89,N87,1
N89,N88,1
N89,N86,1
N230,N233,1
N124,N127,1
N833,N127,14
N833,N113,1
N833,N128,2
N833,N75,15
N833,N56,3
N512,N3,1
N1713,N1714,1
N128,N127,12
N128,N30,1
N128,N120,1
N128,N29,1
N128,N124,1
N128,N122,1
N128,N75,11
N128,N56,3
N128,N121,1
N128,N1221,1
N1521,N214,1
N1521,N91,1
N1802,N1803,1
N1535,N228,1
N1535,N29,1
N1535,N1536,1
N1535,N486,1
N1139,N1138,1
N1139,N121,1
N1236,N1237,1
N1315,N3,1
N366,N3,1
N1166,N1167,1
N1491,N1492,1
N1491,N1493,1
N1491,N1494,1
N468,N3,1
N811,N126,1
N620,N621,1
N1492,N1494,1
N768,N3,1
N625,N550,1
N1033,N3,1
N516,N503,1
N897,N896,1
N729,N572,6
N729,N731,6
N729,N739,6
N1311,N3,2
N130,N127,25
N130,N30,23
N130,N113,10
N130,N29,26
N130,N74,26
N130,N833,15
N130,N128,11
N130,N75,26
N130,N56,3
N130,N131,25
N647,N648,1
N1629,N214,1
N1629,N91,1
N1178,N1180,1
N1178,N1179,1
N1178,N1177,1
N1326,N1327,1
N39,N43,1
N39,N44,1
N39,N40,1
N39,N42,1
N1450,N1235,1
N1514,N1515,2
N703,N702,2
N703,N710,2
N703,N712,2
N703,N709,2
N703,N711,2
N703,N707,2
N703,N713,2
N732,N228,6
N732,N572,6
N732,N729,6
N732,N734,6
N732,N731,6
N732,N739,6
N1296,N1235,1
N603,N3,1
N1791,N1792,1
N250,N30,1
N1349,N172,1
N607,N292,1
N854,N670,1
N854,N5,1
N1691,N1692,1
N1691,N1694,1
N1691,N982,1
N1691,N1693,1
N1251,N113,1
N149,N3,1
N1556,N1507,1
N1528,N1529,1
N626,N190,1
N1275,N64,1
N634,N635,1
N64,N908,14
N610,N30,1
N662,N30,1
N836,N126,1
N836,N30,1
N836,N74,1
N836,N837,1
N1634,N1635,1
N1634,N30,1
N1634,N572,1
N1634,N837,1
N411,N412,1
N408,N3,2
N573,N574,1
N1268,N64,1
N1346,N64,1
N283,N64,4
N83,N84,1
N1493,N1492,1
N1493,N1494,1
N297,N8,1
N297,N5,1
N273,N84,3
N923,N3,1
N1319,N172,1
N1234,N1235,1
N279,N69,1
N279,N71,1
N279,N280,1
N279,N72,1
N279,N74,1
N279,N281,1
N279,N70,1
N1201,N1203,1
N1201,N1200,1
N935,N936,1
N935,N1742,1
N1675,N9,1
N1675,N30,1
N1675,N1677,1
N1675,N1676,1
N1060,N5,2
N678,N679,2
N1360,N1361,1
N1600,N930,1
N1600,N29,1
N1600,N74,1
N1271,N127,7
N1271,N30,8
N1271,N1288,1
N1418,N5,2
N1246,N1247,1
N1394,N30,1
N1394,N113,1
N1394,N74,1
N1536,N486,1
N1092,N1093,2
N690,N190,1
N1187,N5,2
N65,N8,1
N65,N5,1
N1098,N1009,1
N1098,N145,1
N1098,N144,1
N1098,N1008,1
N1083,N29,1
N1083,N181,1
N825,N826,1
N1795,N380,2
N1795,N1159,1
N1795,N9,1
N1795,N30,1
N1795,N1796,1
N1795,N1797,1
N1795,N271,1
N1795,N122,1
N1795,N882,1
N1269,N172,1
N203,N204,1
N203,N205,1
N314,N313,1
N920,N921,1
N1777,N1132,1
N429,N428,1
N530,N316,1
N1369,N316,1
N1369,N882,1
N1707,N730,1
N1707,N1247,1
N1703,N1058,1
N1703,N1057,1
N1703,N1059,1
N1579,N933,1
N1756,N1130,1
N1539,N1540,1
N1459,N1059,1
N146,N3,1
N1242,N64,1
N449,N447,3
N449,N208,3
N449,N440,3
N449,N442,3
N449,N443,3
N449,N450,3
N983,N985,1
N983,N984,1
N472,N1391,1
N472,N471,1
N472,N1085,1
N472,N1656,1
N734,N228,6
N734,N572,6
N734,N729,6
N734,N731,6
N734,N739,6
N1181,N145,1
N1181,N144,1
N1525,N9,1
N1446,N1447,1
N1531,N172,1
N772,N3,2
N1488,N1489,1
N1303,N64,1
N876,N877,1
N876,N121,1
N876,N878,1
N1264,N1267,1
N1264,N1265,1
N1264,N70,1
N1264,N1266,1
N182,N183,1
N487,N3,3
N692,N64,5
N1532,N106,1
N49,N50,1
N49,N51,1
N49,N47,1
N49,N46,1
N49,N52,1
N49,N56,1
N1586,N1587,1
N50,N47,1
N50,N46,1
N457,N30,1
N294,N30,1
N51,N50,1
N51,N47,1
N51,N46,1
N51,N52,1
N51,N56,1
N46,N47,1
N48,N49,1
N48,N50,1
N48,N51,1
N48,N47,1
N48,N46,1
N48,N52,1
N48,N56,1
N532,N30,1
N1399,N9,1
N1249,N64,2
N637,N78,1
N363,N9,1
N1738,N172,1
N880,N879,1
N903,N30,1
N109,N64,1
N906,N228,1
N906,N29,1
N906,N121,1
N593,N3,1
N715,N716,2
N600,N30,1
N91,N214,5
N91,N736,2
N91,N228,4
N91,N127,1
N91,N435,1
N91,N1779,1
N91,N730,2
N91,N733,2
N91,N572,2
N91,N738,2
N91,N375,2
N91,N729,2
N91,N732,2
N91,N734,2
N91,N1704,1
N91,N93,1
N91,N735,2
N91,N731,2
N91,N739,2
N91,N75,1
N91,N121,1
N91,N737,2
N213,N214,1
N213,N91,1
N384,N385,1
N384,N387,1
N384,N386,2
N1574,N1575,1
N187,N188,1
N187,N185,1
N187,N186,2
N187,N248,4
N187,N277,1
N191,N844,1
N191,N192,1
N191,N1430,2
N191,N1618,1
N191,N1620,2
N191,N29,1
N191,N324,1
N191,N876,1
N191,N1429,1
N191,N875,1
N191,N1619,2
N191,N877,1
N191,N845,1
N191,N373,1
N191,N121,1
N191,N1031,2
N191,N323,1
N191,N878,1
N191,N256,1
N1715,N172,1
N640,N3,1
N1,N385,1
N1,N1081,1
N953,N954,1
N953,N955,1
N1304,N9,1
N955,N954,2
N883,N882,1
N883,N97,1
N1771,N955,1
N537,N30,1
N1622,N1623,1
N473,N3,2
N1134,N621,2
N8,N1537,1
N8,N736,2
N8,N228,14
N8,N127,2
N8,N221,2
N8,N208,2
N8,N435,2
N8,N9,5
N8,N30,7
N8,N902,1
N8,N730,2
N8,N29,5
N8,N733,2
N8,N572,2
N8,N738,2
N8,N316,2
N8,N375,2
N8,N1679,1
N8,N128,1
N8,N1535,1
N8,N729,2
N8,N732,2
N8,N1536,1
N8,N734,2
N8,N91,3
N8,N486,2
N8,N32,1
N8,N837,1
N8,N122,2
N8,N728,2
N8,N92,2
N8,N735,2
N8,N731,2
N8,N739,2
N8,N577,1
N8,N75,2
N8,N576,4
N8,N1680,1
N8,N80,1
N8,N121,4
N8,N436,1
N8,N115,2
N8,N737,2
N881,N621,2
N881,N882,1
N881,N97,1
N1102,N1104,1
N1102,N1103,1
N677,N30,2
N677,N64,1
N1317,N64,1
N701,N702,2
N701,N710,2
N701,N712,2
N701,N704,2
N701,N705,2
N701,N709,2
N701,N711,2
N701,N703,2
N701,N707,2
N701,N706,2
N701,N713,2
N701,N708,2
N740,N8,1
N1670,N972,1
N518,N5,2
N868,N127,1
N868,N30,1
N868,N29,1
N868,N74,1
N868,N130,1
N868,N75,1
N868,N131,1
N3,N380,1
N3,N379,1
N3,N30,1
N3,N74,1
N3,N200,1
N3,N181,1
N3,N52,1
N161,N3,1
N1388,N172,1
N1074,N64,2
N1501,N680,1
N268,N3,1
N798,N64,2
N831,N3,1
N1055,N3,2
N95,N91,2
N95,N8,1
N95,N93,1
N95,N75,1
N1131,N1132,1
N1071,N1072,1
N1071,N1070,1
N1071,N1068,1
N1071,N1067,1
N1071,N1069,1
N1247,N730,7
N1522,N9,1
N399,N395,1
N726,N3,2
N842,N843,1
N226,N99,1
N226,N5,1
N1318,N216,1
N1451,N1338,1
N105,N106,1
N1728,N29,1
N1728,N121,1
N281,N221,3
N721,N3,2
N186,N188,1
N186,N187,1
N1667,N1668,1
N484,N483,1
N482,N484,1
N482,N483,1
N481,N484,1
N481,N482,1
N481,N483,1
N1657,N172,1
N311,N310,1
N1133,N621,2
N1730,N1731,1
N1730,N451,1
N1762,N302,1
N1762,N303,1
N1762,N304,1
N1762,N301,1
N1762,N115,1
N1378,N30,1
N1649,N84,1
N1405,N75,1
N1504,N1235,1
N494,N5,2
N85,N87,1
N85,N88,1
N85,N86,1
N85,N89,1
N1353,N3,1
N1464,N99,1
N1464,N5,1
N1100,N1101,1
N1663,N9,1
N1663,N30,1
N1663,N74,1
N1429,N1430,2
N1429,N191,1
N445,N447,3
N445,N208,3
N445,N30,3
N445,N29,3
N445,N448,3
N445,N440,3
N445,N446,3
N445,N449,3
N445,N441,3
N445,N442,3
N445,N443,3
N445,N451,3
N445,N450,3
N445,N444,3
N605,N3,2
N767,N15,2
N343,N517,1
N295,N296,1
N1557,N1245,1
N322,N3,1
N1472,N1473,1
N263,N3,1
N433,N5,1
N660,N661,1
N1219,N145,1
N1219,N1218,1
N1219,N144,1
N1617,N172,1
N1752,N1750,2
N1752,N1751,3
N1752,N1753,3
N1788,N3,1
N486,N127,1
N486,N75,1
N582,N316,1
N582,N317,1
N807,N30,1
N638,N639,1
N875,N29,1
N875,N876,1
N875,N877,1
N875,N121,1
N875,N878,1
N956,N64,2
N956,N908,2
N1308,N316,1
N1308,N1307,1
N551,N299,2
N452,N447,3
N452,N439,3
N452,N208,3
N452,N30,3
N452,N29,3
N452,N448,3
N452,N440,3
N452,N446,3
N452,N449,3
N452,N445,3
N452,N441,3
N452,N442,3
N452,N443,3
N452,N451,3
N452,N450,3
N452,N444,3
N1568,N30,1
N1783,N353,1
N141,N3,1
N982,N1692,1
N982,N1694,3
N982,N1727,1
N982,N985,1
N982,N983,1
N982,N986,1
N982,N1693,3
N982,N984,1
N1665,N3,1
N994,N995,1
N994,N996,1
N41,N39,1
N41,N43,1
N41,N44,1
N41,N40,1
N41,N42,1
N355,N3,1
N1853,N99,1
N1853,N5,1
N207,N208,1
N1523,N886,1
N1698,N3,1
N1639,N1640,1
N1639,N1638,1
N271,N380,1
N271,N1159,1
N271,N9,1
N271,N30,1
N271,N1796,1
N271,N1797,1
N271,N122,1
N271,N882,1
N181,N380,1
N181,N933,4
N181,N9,2
N181,N30,2
N181,N113,1
N181,N1779,1
N181,N29,1
N181,N91,1
N181,N75,1
N1597,N1598,1
N1437,N1438,1
N1169,N490,1
N1169,N228,1
N1169,N30,1
N1169,N492,1
N1169,N689,1
N1169,N489,1
N1169,N491,1
N1406,N30,1
N1406,N29,1
N1406,N74,1
N1561,N9,1
N1561,N30,1
N1561,N74,1
N1561,N8,1
N1561,N32,1
N1561,N837,1
N459,N3,1
N1773,N9,1
N1773,N29,1
N1773,N837,1
N608,N503,1
N32,N228,1
N32,N9,1
N32,N30,5
N32,N113,2
N32,N114,1
N32,N120,1
N32,N29,5
N32,N31,1
N32,N1036,2
N32,N1139,2
N32,N33,1
N32,N837,1
N32,N92,1
N32,N75,1
N32,N56,1
N32,N1138,1
N32,N121,3
N32,N115,1
N837,N933,1
N837,N9,2
N837,N30,1
N837,N29,1
N1567,N1235,1
N122,N228,1
N122,N406,1
N122,N1159,1
N122,N407,1
N122,N127,3
N122,N435,2
N122,N9,1
N122,N1797,1
N122,N124,1
N122,N91,1
N122,N486,1
N122,N75,1
N122,N56,1
N122,N121,3
N78,N77,1
N327,N326,1
N328,N327,1
N328,N326,1
N539,N30,1
N1722,N1529,1
N589,N30,1
N52,N50,1
N52,N47,1
N52,N46,1
N52,N56,1
N664,N30,1
N354,N3,3
N441,N447,3
N441,N208,3
N441,N30,3
N441,N29,3
N441,N440,3
N441,N446,3
N441,N449,3
N441,N442,3
N441,N443,3
N441,N451,3
N441,N450,3
N441,N444,3
N404,N403,1
N345,N30,1
N345,N29,1
N345,N74,1
N345,N346,1
N728,N736,6
N728,N228,6
N728,N730,6
N728,N733,6
N728,N572,6
N728,N738,6
N728,N375,6
N728,N729,6
N728,N732,6
N728,N734,6
N728,N91,2
N728,N735,6
N728,N731,6
N728,N739,6
N728,N5,1
N728,N737,6
N937,N64,2
N817,N190,1
N960,N963,1
N960,N961,1
N960,N962,1
N688,N490,1
N688,N228,1
N688,N30,1
N688,N492,1
N688,N689,1
N688,N489,1
N688,N491,1
N1417,N316,1
N488,N3,1
N659,N190,1
N723,N724,1
N1595,N1596,2
N804,N292,1
N596,N30,1
N565,N30,1
N968,N127,1
N968,N969,1
N170,N172,2
N170,N171,1
N92,N736,6
N92,N228,7
N92,N208,6
N92,N30,1
N92,N730,6
N92,N361,1
N92,N29,6
N92,N733,6
N92,N572,6
N92,N738,6
N92,N316,6
N92,N375,7
N92,N729,6
N92,N732,6
N92,N734,6
N92,N91,5
N92,N95,2
N92,N728,6
N92,N93,1
N92,N735,6
N92,N731,6
N92,N739,6
N92,N75,1
N92,N121,6
N92,N115,6
N92,N5,1
N92,N737,6
N1742,N1782,1
N869,N30,1
N869,N74,1
N1099,N3,2
N456,N3,1
N505,N30,1
N1701,N559,1
N1743,N1744,1
N615,N616,1
N312,N313,1
N312,N314,1
N1841,N302,1
N1841,N303,1
N1841,N304,1
N1841,N301,1
N1841,N115,1
N1572,N1573,1
N2,N3,1
N1051,N3,1
N862,N3,2
N1158,N1160,1
N1158,N1159,1
N1282,N1283,1
N1402,N1403,1
N986,N985,1
N986,N983,1
N986,N984,1
N1213,N933,1
N1213,N1214,1
N1213,N74,3
N1213,N128,3
N1213,N56,2
N1213,N216,1
N1213,N1221,1
N1204,N1205,1
N23,N3,2
N195,N3,1
N1466,N559,1
N1559,N1560,1
N1145,N1146,1
N1224,N1230,1
N1224,N1225,1
N1224,N1233,1
N1461,N1338,1
N352,N353,1
N442,N447,3
N442,N208,3
N442,N443,3
N204,N9,1
N204,N1005,2
N204,N1254,2
N204,N1253,2
N204,N205,1
N1355,N190,1
N1490,N1473,1
N741,N190,2
N1389,N5,4
N1804,N1344,1
N1770,N955,1
N1770,N1771,1
N927,N928,1
N1457,N3,1
N735,N736,6
N735,N228,6
N735,N572,6
N735,N738,6
N735,N375,6
N735,N729,6
N735,N732,6
N735,N734,6
N735,N8,1
N735,N731,6
N735,N739,6
N735,N737,6
N1016,N1015,1
N100,N3,1
N377,N3,1
N1014,N1015,1
N1014,N1016,1
N548,N3,1
N176,N177,1
N176,N179,1
N176,N178,1
N1294,N1241,1
N1395,N1396,1
N19,N20,1
N1621,N1026,1
N1039,N1040,1
N1039,N1037,1
N1182,N5,2
N547,N64,4
N1480,N3,1
N1199,N1197,1
N1199,N1203,1
N1199,N126,1
N1199,N1202,1
N1199,N1201,1
N1199,N1198,1
N1199,N1200,1
N1198,N1203,1
N1198,N1201,1
N1198,N1200,1
N492,N489,5
N492,N491,7
N1818,N1819,1
N1681,N1497,1
N852,N172,1
N1081,N385,1
N419,N420,1
N1549,N30,1
N462,N424,1
N1554,N1237,1
N1554,N1477,1
N1478,N1479,1
N1397,N3,3
N1103,N1104,2
N1821,N1342,1
N13,N15,4
N13,N14,1
N136,N137,1
N552,N553,1
N278,N273,1
N278,N84,1
N1262,N1263,1
N1474,N1475,1
N1080,N171,1
N1080,N9,1
N502,N503,1
N901,N902,1
N901,N84,1
N1419,N730,1
N1419,N1247,1
N1785,N64,1
N1025,N1026,1
N261,N3,3
N1136,N3,1
N1842,N1843,1
N1028,N1029,1
N217,N218,1
N1593,N137,1
N236,N229,1
N236,N230,1
N236,N233,1
N36,N308,1
N36,N976,1
N36,N91,1
N36,N1704,1
N36,N306,2
N36,N37,1
N36,N307,1
N36,N1010,1
N10,N11,1
N1619,N1620,2
N1832,N1361,1
N1832,N30,1
N1832,N1601,1
N1832,N1833,1
N1530,N137,1
N693,N694,2
N116,N3,1
N908,N64,2
N1373,N95,2
N1373,N121,1
N585,N3,1
N305,N214,1
N305,N91,3
N179,N177,1
N179,N178,1
N739,N731,6
N1544,N172,1
N315,N316,2
N315,N317,1
N1289,N730,1
N1289,N1247,1
N653,N654,1
N1189,N9,1
N1189,N29,1
N166,N164,1
N166,N886,1
N166,N167,4
N166,N165,2
N1329,N1101,1
N1468,N1338,1
N668,N670,1
N668,N671,1
N668,N669,1
N668,N5,1
N689,N490,6
N689,N228,6
N689,N30,6
N689,N492,6
N689,N489,5
N689,N491,6
N1340,N1235,1
N284,N216,1
N1652,N1653,1
N877,N121,2
N877,N878,1
N57,N58,1
N748,N749,1
N813,N74,1
N707,N711,2
N706,N702,2
N706,N710,2
N706,N712,2
N706,N704,2
N706,N705,2
N706,N709,2
N706,N711,2
N706,N703,2
N706,N707,2
N706,N713,2
N1588,N1587,1
N568,N30,1
N301,N302,7
N301,N303,6
N301,N304,6
N301,N115,2
N393,N392,1
N44,N43,1
N1129,N1130,1
N1545,N1546,1
N262,N3,15
N617,N190,1
N1400,N1247,1
N112,N3,1
N1757,N972,1
N554,N30,1
N227,N234,1
N227,N228,1
N227,N237,1
N227,N231,1
N227,N232,1
N227,N229,1
N227,N230,1
N227,N236,1
N227,N238,1
N227,N235,1
N227,N233,1
N1156,N64,1
N562,N561,1
N577,N576,1
N1781,N1782,1
N521,N522,1
N75,N1361,1
N75,N228,1
N75,N776,1
N75,N1345,1
N75,N932,1
N248,N188,2
N248,N187,1
N248,N277,1
N541,N30,1
N1035,N1038,1
N1035,N1036,1
N1035,N1040,1
N1035,N1039,1
N1035,N1037,1
N1583,N3,1
N864,N3,1
N671,N670,2
N671,N669,2
N671,N5,2
N1291,N3,1
N1006,N559,1
N1244,N1245,1
N720,N694,1
N1061,N126,1
N427,N429,1
N427,N428,1
N306,N308,1
N306,N307,1
N916,N917,1
N59,N62,1
N59,N61,1
N59,N60,1
N529,N30,1
N1042,N145,2
N1042,N144,1
N1042,N1168,1
N288,N30,1
N174,N175,1
N197,N198,2
N1157,N64,1
N1087,N1088,1
N37,N36,1
N264,N3,1
N534,N3,1
N918,N64,2
N1097,N841,1
N1097,N1623,1
N267,N221,1
N974,N3,2
N750,N190,1
N576,N228,3
N576,N8,3
N910,N335,1
N910,N9,1
N910,N113,1
N910,N29,1
N910,N316,1
N339,N172,2
N1460,N1059,1
N61,N62,2
N1763,N8,1
N922,N3,1
N1647,N172,1
N1831,N954,1
N1831,N955,1
N1784,N128,1
N1784,N8,1
N1784,N121,1
N356,N30,1
N1850,N172,1
N329,N327,1
N329,N328,1
N329,N326,1
N1733,N1734,1
N257,N258,1
N1534,N1537,1
N1534,N228,1
N1534,N29,1
N1534,N1535,1
N1534,N1536,1
N1534,N8,1
N1534,N486,1
N1516,N137,1
N1121,N1122,2
N277,N188,2
N277,N247,1
N277,N187,1
N277,N248,1
N1543,N559,1
N1664,N1497,1
N463,N216,1
N1343,N5,2
N333,N64,2
N54,N49,1
N54,N50,1
N54,N51,1
N54,N47,1
N54,N46,1
N54,N48,1
N54,N52,1
N54,N56,1
N56,N172,1
N56,N127,4
N56,N113,1
N56,N114,1
N56,N124,1
N56,N50,1
N56,N47,1
N56,N46,1
N56,N75,3
N56,N121,1
N56,N1221,1
N1422,N1334,1
N1454,N933,1
N1211,N145,1
N1211,N144,1
N212,N3,4
N970,N204,1
N242,N5,2
N567,N64,2
N1054,N64,1
N1164,N1165,1
N997,N998,1
N1680,N30,1
N1680,N902,1
N1680,N1679,1
N1680,N75,1
N224,N225,1
N434,N228,1
N434,N127,2
N434,N221,2
N434,N435,2
N434,N91,1
N434,N8,2
N434,N486,1
N434,N122,2
N434,N75,1
N434,N121,2
N434,N436,1
N1614,N948,1
N1638,N1640,1
N1423,N1334,1
N766,N380,1
N766,N9,2
N766,N181,1
N16,N20,1
N16,N17,1
N16,N19,1
N16,N18,1
N964,N9,1
N964,N8,1
N1718,N379,3
N1718,N407,3
N1718,N1719,3
N1718,N1717,1
N290,N3,1
N145,N1009,4
N145,N144,6
N145,N1008,3
N138,N137,1
N274,N275,1
N274,N5,1
N1852,N3,1
N1140,N15,1
N469,N3,1
N1570,N1571,1
N649,N228,3
N649,N29,3
N649,N316,2
N649,N91,2
N460,N424,1
N957,N64,2
N957,N908,2
N1724,N730,1
N1724,N1247,1
N1761,N1058,1
N1761,N1057,1
N1761,N886,1
N1761,N1059,1
N438,N447,3
N438,N439,3
N438,N208,3
N438,N30,3
N438,N29,3
N438,N448,3
N438,N440,3
N438,N446,3
N438,N449,3
N438,N445,3
N438,N452,3
N438,N441,3
N438,N442,6
N438,N443,3
N438,N451,3
N438,N450,3
N438,N444,3
N1287,N5,1
N695,N696,3
N189,N190,5
N1702,N84,1
N298,N69,1
N298,N71,1
N298,N72,1
N298,N70,1
N81,N3,10
N1368,N3,1
N1758,N3,1
N1815,N1816,1
N644,N172,1
N644,N30,1
N644,N29,1
N644,N190,1
N644,N121,1
N742,N3,2
N300,N302,2
N300,N303,2
N300,N304,2
N300,N301,2
N300,N115,1
N1840,N670,1
N1840,N671,1
N1840,N669,1
N1840,N5,1
N1739,N1740,1
N929,N127,1
N929,N930,1
N929,N30,1
N929,N113,1
N929,N74,1
N1037,N1040,1
N63,N64,2
N1341,N1342,1
N1144,N145,1
N1144,N144,1
N643,N439,1
N643,N30,1
N643,N29,1
N643,N190,1
N643,N644,1
N643,N121,1
N1259,N933,1
N1259,N30,1
N1153,N886,1
N320,N30,1
N544,N545,1
N513,N3,1
N1624,N64,2
N859,N3,1
N1347,N3,1
N409,N410,1
N318,N3,3
N289,N3,1
N746,N3,2
N1027,N3,2
N466,N3,3
N631,N3,1
N1375,N3,2
N538,N3,1
N476,N3,1
N381,N3,1
N1612,N3,1
N1393,N190,1
N252,N3,1
N641,N259,1
N641,N642,1
N1412,N3,1
N887,N30,1
N887,N316,1
N887,N888,1
N887,N882,1
N934,N3,1
N497,N3,2
N630,N30,1
N1162,N3,1
N1052,N3,1
N858,N3,5
N425,N3,1
N941,N942,1
N828,N221,2
N1281,N3,1
N891,N892,1
N685,N292,1
N652,N30,1
N67,N3,1
N1465,N198,1
N1161,N882,1
N549,N550,1
N1470,N3,1
N1712,N99,1
N1712,N5,1
N1721,N559,1
N1154,N3,1
N211,N3,1
N713,N702,2
N713,N711,2
N713,N707,2
N90,N94,2
N90,N361,1
N90,N91,3
N90,N95,2
N90,N92,4
N90,N93,1
N90,N75,1
N367,N3,1
N1582,N137,1
N523,N280,1
N888,N316,1
N888,N882,1
N777,N3,1
N973,N972,1
N973,N145,8
N973,N1124,1
N973,N144,7
N1805,N392,2
N1805,N1806,1
N1274,N172,1
N453,N454,2
N1591,N1592,1
N53,N49,1
N53,N50,1
N53,N51,1
N53,N47,1
N53,N46,1
N53,N48,1
N53,N78,1
N53,N52,1
N53,N54,1
N53,N56,1
N53,N55,1
N845,N844,1
N657,N3,1
N1283,N1334,1
N1603,N5,2
N1748,N171,1
N747,N3,1
N633,N8,2
N1188,N972,1
N1188,N145,1
N1188,N973,1
N1188,N144,1
N1138,N29,1
N1138,N1036,1
N1138,N1139,1
N1138,N32,1
N1138,N121,1
N1401,N1126,1
N82,N3,6
N1723,N172,1
N21,N22,1
N1143,N3,2
N1331,N64,1
N1312,N64,1
N1661,N84,1
N458,N3,1
N1007,N1009,1
N1007,N145,1
N1007,N144,1
N1007,N1008,1
N1827,N93,1
N797,N64,2
N1696,N1697,1
N1124,N972,2
N1124,N145,2
N1124,N973,1
N1124,N144,2
N496,N454,2
N1801,N228,1
N1801,N30,1
N1801,N74,1
N1801,N32,1
N1801,N92,1
N461,N424,1
N1184,N145,1
N1184,N144,1
N477,N478,1
N509,N292,1
N885,N886,1
N1508,N3,1
N1565,N137,1
N1502,N1503,1
N1541,N1542,1
N511,N341,1
N1678,N30,1
N1678,N902,1
N1678,N1679,1
N1678,N74,1
N1678,N8,1
N1678,N75,1
N1678,N1680,1
N853,N316,1
N699,N316,2
N990,N228,4
N990,N991,4
N990,N74,4
N560,N113,1
N560,N561,1
N560,N563,1
N560,N562,1
N1673,N1674,1
N758,N756,1
N758,N760,1
N758,N759,1
N758,N765,1
N1356,N5,1
N1356,N1357,1
N193,N194,1
N1337,N1338,1
N1290,N30,1
N18,N20,1
N18,N17,1
N18,N19,1
N590,N591,1
N555,N5,2
N121,N736,6
N121,N228,8
N121,N127,3
N121,N208,6
N121,N30,1
N121,N730,6
N121,N1345,1
N121,N29,4
N121,N733,6
N121,N572,6
N121,N738,6
N121,N348,1
N121,N349,1
N121,N375,6
N121,N124,1
N121,N128,1
N121,N1139,1
N121,N729,6
N121,N732,6
N121,N734,6
N121,N91,2
N121,N8,1
N121,N95,1
N121,N486,1
N121,N728,6
N121,N735,6
N121,N731,6
N121,N739,6
N121,N75,2
N121,N1138,1
N121,N115,6
N121,N5,1
N121,N737,6
N121,N878,1
N140,N3,8
N219,N216,1
N342,N343,1
N546,N64,2
N1857,N172,1
N55,N126,1
N55,N280,1
N55,N74,1
N55,N1855,1
N55,N49,1
N55,N50,1
N55,N51,1
N55,N47,1
N55,N46,1
N55,N48,1
N55,N52,1
N55,N54,1
N55,N56,2
N1305,N172,1
N1086,N172,1
N872,N9,1
N872,N30,1
N334,N335,1
N334,N9,1
N1812,N1813,2
N1682,N1606,1
N1682,N1683,1
N1195,N172,1
N1552,N1553,1
N581,N30,1
N540,N30,1
N1580,N3,1
N254,N255,1
N743,N3,2
N1272,N172,1
N1339,N172,1
N216,N933,1
N216,N1214,1
N216,N128,1
N423,N424,1
N1685,N1686,1
N1004,N1005,1
N1004,N204,1
N321,N292,1
N1067,N1068,1
N1069,N1072,1
N1069,N1068,1
N1069,N1067,1
N40,N43,1
N40,N44,1
N60,N62,2
N60,N61,2
N1780,N172,1
N245,N5,1
N1789,N1790,1
N556,N181,1
N651,N190,1
N201,N3,3
N202,N3,2
N1732,N84,1
N1383,N9,1
N1435,N1436,1
N1435,N1334,1
N667,N30,1
N571,N221,3
N571,N572,1
N387,N385,2
N387,N386,2
N1654,N172,1
N378,N380,1
N378,N379,1
N378,N74,1
N378,N3,1
N1765,N1766,1
N270,N271,1
N1483,N1484,3
N1483,N1487,1
N42,N43,1
N42,N44,1
N42,N40,1
N451,N447,3
N451,N208,3
N451,N29,3
N451,N440,3
N451,N316,1
N451,N449,3
N451,N472,1
N451,N1731,1
N451,N442,3
N451,N443,3
N451,N450,3
N451,N444,3
N451,N1656,1
N101,N104,1
N101,N103,1
N101,N102,2
N623,N624,1
N882,N380,1
N882,N1159,1
N882,N9,1
N882,N113,1
N882,N1796,1
N882,N1797,1
N882,N572,1
N882,N316,2
N882,N122,1
N882,N97,2
N1495,N1496,1
N1495,N1497,1
N436,N127,1
N436,N221,1
N436,N435,1
N436,N91,1
N436,N122,1
N436,N121,1
N1716,N379,1
N1716,N407,1
N1716,N1719,1
N1716,N1717,1
N1716,N1718,1
N431,N432,1
N209,N148,1
N209,N69,1
N209,N71,1
N209,N72,1
N209,N70,1
N829,N99,1
N829,N5,1
N865,N64,1
N1255,N64,1
N382,N383,1
N489,N490,2
N489,N228,2
N489,N30,2
N489,N492,2
N489,N689,1
N489,N491,7
N1751,N1750,2
N1751,N1753,3
N1265,N1267,1
N1332,N3,1
N160,N3,2
N259,N260,2
N259,N642,2
N1238,N1858,1
N1238,N1239,1
N1605,N1606,1
N1458,N126,1
N1458,N280,1
N1458,N74,1
N1458,N56,1
N1458,N55,1
N642,N259,1
N855,N1651,1
N855,N127,1
N855,N30,1
N855,N29,1
N855,N74,1
N855,N833,1
N855,N130,1
N855,N75,1
N855,N131,1
N1000,N1001,1
N832,N3,2
N1229,N3,1
N1223,N671,1
N770,N221,1
N1376,N1361,1
N708,N702,2
N708,N710,2
N708,N712,2
N708,N704,2
N708,N705,2
N708,N709,2
N708,N711,2
N708,N703,2
N708,N707,2
N708,N706,2
N708,N713,2
N199,N3,1
N199,N200,1
N787,N30,1
N168,N169,1
N1577,N950,1
N119,N127,1
N119,N126,1
N119,N123,1
N119,N30,1
N119,N120,1
N119,N29,1
N119,N125,1
N119,N74,1
N119,N124,1
N119,N128,1
N119,N122,1
N119,N56,1
N119,N121,1
N265,N3,1
N675,N3,1
N684,N3,1
N1693,N1694,3
N655,N656,1
N1627,N1623,1
N1564,N3,3
N391,N228,11
N391,N30,6
N391,N29,2
N391,N74,7
N391,N8,10
N391,N577,1
N391,N576,7
N780,N3,1
N132,N64,2
N139,N3,1
N1786,N1742,1
N744,N490,2
N744,N228,2
N744,N30,2
N744,N492,2
N744,N689,2
N744,N489,2
N744,N491,2
N700,N190,2
N371,N127,1
N371,N30,1
N371,N113,1
N371,N29,1
N371,N74,1
N371,N128,1
N371,N130,1
N371,N75,1
N371,N131,1
N371,N372,1
N1084,N1085,1
N1084,N472,1
N1075,N1076,1
N1279,N5,2
N1736,N1754,1
N1736,N1750,1
N1736,N1737,1
N1736,N1752,1
N1736,N1739,1
N1736,N1751,1
N1736,N1753,1
N1736,N1745,1
N1321,N5,2
N1835,N3,1
N1386,N386,1
N1059,N1058,1
N1059,N1057,10
N14,N15,1
N1648,N3,2
N1830,N1059,1
N330,N64,2
N796,N64,2
N867,N64,2
N1177,N1180,1
N1177,N1179,1
N1258,N64,1
N1350,N1351,1
N73,N30,2
N73,N113,1
N73,N114,1
N73,N74,2
N73,N32,2
N73,N75,1
N73,N56,1
N73,N115,1
N1226,N1227,1
N299,N302,1
N299,N303,1
N299,N304,1
N299,N301,1
N299,N300,1
N299,N115,1
N1650,N1623,1
N291,N292,1
N1150,N3,3
N1452,N1453,1
N1839,N1361,1
N1839,N1601,1
N1089,N228,1
N1089,N29,1
N650,N30,2
N400,N401,1
N757,N758,1
N757,N756,1
N757,N754,1
N757,N760,1
N757,N763,1
N757,N752,1
N757,N755,1
N757,N759,1
N757,N765,1
N751,N758,1
N751,N757,1
N751,N756,1
N751,N754,1
N751,N762,1
N751,N760,1
N751,N763,1
N751,N764,1
N751,N752,1
N751,N755,1
N751,N753,1
N751,N759,1
N751,N761,1
N751,N765,2
N754,N758,1
N754,N756,1
N754,N760,1
N754,N752,1
N754,N755,1
N754,N759,1
N754,N765,1
N762,N758,1
N762,N757,1
N762,N756,1
N762,N754,1
N762,N760,1
N762,N763,1
N762,N764,1
N762,N752,1
N762,N755,1
N762,N759,1
N762,N765,1
N760,N756,1
N763,N758,1
N763,N756,1
N763,N754,1
N763,N760,1
N763,N752,1
N763,N755,1
N763,N759,1
N763,N765,1
N764,N758,1
N764,N757,1
N764,N756,1
N764,N754,1
N764,N760,1
N764,N763,1
N764,N752,1
N764,N755,1
N764,N759,1
N764,N765,1
N752,N758,1
N752,N756,1
N752,N760,1
N752,N755,1
N752,N759,1
N752,N765,1
N755,N758,1
N755,N756,1
N755,N760,1
N755,N759,1
N755,N765,1
N753,N758,1
N753,N757,1
N753,N756,1
N753,N754,1
N753,N762,1
N753,N760,1
N753,N763,1
N753,N764,1
N753,N752,1
N753,N755,1
N753,N759,1
N753,N765,1
N759,N756,1
N759,N760,1
N761,N758,1
N761,N757,1
N761,N756,1
N761,N754,1
N761,N762,1
N761,N760,1
N761,N763,1
N761,N764,1
N761,N752,1
N761,N755,1
N761,N753,1
N761,N759,1
N761,N765,1
N765,N756,1
N765,N760,1
N765,N759,1
N1684,N172,1
N1306,N316,1
N1306,N1308,1
N1306,N1307,1
N1314,N64,1
N1034,N386,1
N131,N127,24
N131,N113,10
N131,N1779,1
N131,N29,24
N131,N833,14
N131,N128,11
N131,N91,1
N131,N181,1
N131,N75,25
N131,N56,2
N987,N172,1
N1808,N877,1
N1808,N121,1
N978,N979,1
N977,N64,1
N1507,N24,1
N1507,N1361,1
N1507,N1618,1
N1507,N1620,1
N1507,N30,1
N1507,N1601,1
N1507,N191,1
N1507,N1619,1
N238,N229,1
N238,N230,1
N238,N236,1
N238,N235,1
N238,N233,1
N1218,N145,1
N1218,N144,1
N1210,N9,1
N1210,N316,1
N1210,N910,1
N1377,N1058,1
N1377,N1057,1
N1377,N1059,1
N1625,N1626,1
N1746,N1747,1
N1613,N948,1
N1613,N1615,1
N1613,N1616,1
N1613,N1614,1
N1645,N3,1
N1659,N1660,1
N144,N1009,4
N144,N1042,1
N144,N145,26
N144,N973,1
N144,N1168,1
N144,N1008,3
N144,N1116,1
N1228,N145,1
N0,N1,1
N1581,N3,1
N235,N229,1
N235,N230,1
N235,N236,1
N235,N233,1
N727,N736,6
N727,N228,6
N727,N208,6
N727,N730,6
N727,N29,6
N727,N733,6
N727,N572,6
N727,N738,6
N727,N316,6
N727,N375,6
N727,N729,6
N727,N732,6
N727,N734,6
N727,N91,3
N727,N8,3
N727,N728,6
N727,N92,6
N727,N735,6
N727,N731,6
N727,N739,6
N727,N121,6
N727,N115,6
N727,N5,1
N727,N737,6
N240,N241,1
N613,N615,1
N613,N616,1
N613,N614,1
N337,N338,2
N889,N890,1
N889,N9,1
N1316,N172,1
N1254,N1253,2
N1196,N1197,1
N1196,N1203,1
N1196,N126,1
N1196,N1202,1
N1196,N9,1
N1196,N1201,1
N1196,N1199,1
N1196,N1198,1
N1196,N1200,1
N800,N670,1
N800,N671,1
N800,N5,1
N627,N628,1
N115,N302,6
N115,N736,6
N115,N228,6
N115,N30,1
N115,N113,1
N115,N114,1
N115,N730,6
N115,N733,6
N115,N303,6
N115,N572,6
N115,N738,6
N115,N304,4
N115,N375,6
N115,N729,6
N115,N732,6
N115,N734,6
N115,N91,2
N115,N728,6
N115,N735,6
N115,N731,6
N115,N739,6
N115,N301,4
N115,N56,1
N115,N300,1
N115,N5,1
N115,N737,6
N1769,N1754,1
N1769,N1752,1
N1769,N1751,1
N1769,N1753,1
N1709,N981,1
N450,N447,3
N450,N208,3
N450,N442,3
N450,N443,3
N1168,N145,2
N1168,N144,1
N358,N359,2
N851,N3,1
N165,N167,3
N165,N166,1
N718,N3,3
N1090,N1091,1
N1533,N439,1
N1533,N30,1
N1533,N74,1
N1533,N75,1
N1822,N1823,1
N1190,N972,1
N1190,N145,1
N1190,N973,1
N1190,N144,1
N1829,N559,1
N1518,N172,1
N344,N292,1
N223,N3,1
N249,N5,2
N1175,N64,1
N1120,N74,1
N1120,N1121,1
N1120,N1122,1
N533,N172,1
N70,N69,7
N70,N71,6
N70,N1267,1
N70,N280,1
N70,N72,12
N70,N1265,1
N70,N1266,1
N666,N190,1
N317,N316,3
N988,N172,1
N686,N292,1
N992,N993,1
N604,N503,1
N839,N835,1
N745,N3,2
N470,N471,1
N470,N472,1
N293,N292,1
N336,N3,3
N1524,N9,1
N1524,N1525,1
N5,N736,1
N5,N228,1
N5,N670,4
N5,N730,1
N5,N733,1
N5,N572,1
N5,N738,1
N5,N375,1
N5,N729,1
N5,N732,1
N5,N734,1
N5,N8,2
N5,N735,1
N5,N731,1
N5,N739,1
N5,N671,2
N5,N669,2
N5,N1223,1
N5,N737,1
N5,N1357,1
N912,N5,1
N673,N79,1
N673,N674,1
N1517,N74,1
N1333,N1334,1
N791,N789,1
N791,N790,1
N285,N172,1
N285,N286,1
N1082,N30,1
N818,N74,1
N1008,N1009,4
N1008,N145,1
N1008,N144,1
N1610,N1611,1
N951,N3,1
N737,N228,6
N737,N572,6
N737,N729,6
N737,N732,6
N737,N734,6
N737,N731,6
N737,N739,6
N444,N447,3
N444,N208,3
N444,N440,3
N444,N449,3
N444,N442,3
N444,N443,3
N444,N450,3
N663,N190,1
N799,N3,3
N437,N228,1
N102,N104,1
N102,N103,1
N102,N1662,2
N1117,N30,2
N614,N615,1
N614,N616,1
N1013,N64,2
N1328,N64,1
N542,N292,1
N580,N64,4
N1439,N1334,1
N1309,N64,2
N1141,N1128,1
N952,N64,2
N1644,N1623,1
N1270,N64,1
N1609,N1608,1
N1607,N1609,1
N1607,N1608,1
N1477,N1237,1
N357,N30,1
N1482,N190,6
N1407,N933,1
N1407,N1416,1
N1407,N181,1
N1407,N1408,1
N769,N190,2
N1817,N74,1
N205,N204,1
N1759,N1760,1
N1077,N172,1
N1216,N145,1
N1216,N144,1
N1021,N1022,1
N1273,N5,1
N1385,N1386,1
N1385,N386,1
N984,N985,1
N142,N5,1
N636,N30,1
N1669,N172,1
N1637,N1640,1
N1637,N1639,1
N1637,N1638,1
N1729,N172,1
N545,N544,1
N674,N79,1
N1859,N1048,1
N792,N789,1
N792,N791,1
N792,N790,1
N1455,N1456,1
N1741,N1742,1
N899,N172,1
N899,N30,1
N899,N896,1
N899,N895,1
N899,N316,1
N899,N897,1
N899,N900,1
N899,N898,1
N900,N896,1
N900,N897,1
N1828,N172,1
N1011,N1044,2
N1011,N385,1
N1011,N387,1
N1011,N1045,1
N1011,N386,2
N1073,N3,1
N592,N64,2
N602,N3,2
N1820,N1731,1
N1844,N172,1
N779,N3,2
N779,N181,1
N931,N933,1
N931,N30,1
N931,N74,1
N931,N932,1
N931,N75,1
N1837,N1838,1
N1212,N1205,1
N940,N3,1
N1062,N172,1
N943,N24,2
N943,N1448,1
N898,N896,1
N898,N897,1
N898,N900,1
N1824,N1825,1
N1421,N30,1
N1421,N74,1
N1421,N644,1
N558,N126,1
N558,N30,1
N558,N113,1
N558,N561,1
N558,N563,1
N558,N564,1
N558,N559,1
N558,N74,1
N558,N562,1
N558,N560,1
N599,N503,1
N1387,N933,1
N1170,N1171,1
N1257,N1058,1
N1257,N1057,1
N1257,N1059,1
N809,N190,1
N1285,N9,1
N1285,N8,1
N467,N317,1
N1448,N24,1
N587,N191,1
N790,N789,1
N360,N30,1
N360,N361,1
N1023,N74,1
N1499,N1498,1
N1699,N730,1
N1699,N1247,1
N824,N271,1
N1441,N79,1
N569,N3,2
N474,N475,1
N215,N216,1
N1500,N221,1
N66,N3,1
N386,N385,2
N775,N228,1
N775,N776,1
N775,N75,1
N815,N816,1
N793,N789,1
N793,N791,1
N793,N792,1
N793,N790,1
N196,N145,1
N196,N144,1
N1374,N5,2
N1266,N1267,1
N1266,N1265,1
N287,N3,1
N1335,N74,1
N1335,N5,1
N390,N3,1
N1116,N145,2
N1116,N144,1
N84,N902,1
N1232,N145,2
N398,N3,1
N1220,N145,1
N1220,N144,1
N1604,N1497,1
N1506,N24,1
N1506,N1507,1
N1191,N64,1
N1512,N1513,1
N7,N9,1
N7,N8,1
N719,N190,2
N1105,N3,2
N98,N99,1
N98,N5,1
N1240,N1241,1
